,ltp,t1p,t2p,p1,fdrp1,f1,p2,fdrp2,f2
1,0.313237927,0.008423605,0.004889352,0.000203031,0.001134663,0.000193566,3.96E-05,0.000122201,2.06E-05
2,0.112881779,0.000203031,3.96E-05,0.000378221,0.001134663,0.000193566,4.07E-05,0.000122201,2.06E-05
3,0.097098748,0.023018425,0.012624512,0.001700828,0.003401656,0.0005803,0.000277001,0.000554002,9.35E-05
4,0.021221432,0.000378221,4.07E-05,0.008423605,0.012635407,0.002155518,0.004889352,0.007334028,0.001237967
5,0.109586261,0.021502654,0.011108378,0.021502654,0.023018425,0.004403221,0.011108378,0.012624512,0.002250773
6,0.005858859,0.001700828,0.000277001,0.023018425,0.023018425,0.004712151,0.012624512,0.012624512,0.002557186
