"","ltp","t1p","t2p","p1","fdrp1","f1","p2","fdrp2","f2"
"1",0.98615736203967,0.603670250002631,0.609396182868332,0.423369544746503,0.80426990665018,1,0.416198169989156,0.797913110031604,0.786738953945957
"2",0.663646809776392,0.683003107559697,0.681577866749055,0.523110777760918,0.80426990665018,1,0.516567026809045,0.797913110031604,0.786738953945957
"3",0.606408916051805,0.523110777760918,0.516567026809045,0.603670250002631,0.80426990665018,1,0.609396182868332,0.797913110031604,0.786738953945957
"4",0.389061159117625,0.791404866487422,0.784010111866562,0.683003107559697,0.80426990665018,1,0.681577866749055,0.797913110031604,0.786738953945957
"5",0.469037260756209,0.423369544746503,0.416198169989156,0.791404866487422,0.80426990665018,1,0.784010111866562,0.797913110031604,0.786738953945957
"6",0.281022938905041,0.80426990665018,0.797913110031604,0.80426990665018,0.80426990665018,1,0.797913110031604,0.797913110031604,0.789673303554116
