"","ltp","t1p","t2p","p1","fdrp1","f1","p2","fdrp2","f2"
"1",0.307404501489848,0.423682069973071,0.399335819138007,0.355775563816483,0.678170560584028,0.288271831088291,0.342515976546787,0.642500591895317,0.243471443683195
"2",0.88308601984489,0.355775563816483,0.342515976546787,0.382550249645287,0.678170560584028,0.288271831088291,0.348204322576621,0.642500591895317,0.243471443683195
"3",0.351633813276772,0.382550249645287,0.348204322576621,0.423682069973071,0.678170560584028,0.288271831088291,0.399335819138007,0.642500591895317,0.243471443683195
"4",0.474930216891624,0.565142133820024,0.535417159912764,0.546670594184553,0.678170560584028,0.288271831088291,0.510856472944477,0.642500591895317,0.243471443683195
"5",0.592718268933027,0.546670594184553,0.510856472944477,0.565142133820024,0.678170560584028,0.288271831088291,0.535417159912764,0.642500591895317,0.243471443683195
"6",0.590774000858623,0.861577188419927,0.853546575309986,0.861577188419927,0.861577188419927,0.381755236714253,0.853546575309986,0.853546575309986,0.339082251392749
